variable,correlation
accommodates,0.5706516094819912
bedrooms,0.5420606494456615
bathrooms,0.5129857210070882
review_scores_rating,0.18971688946513351
reviews_per_month,-0.01949248779560712
