Metric,Value
RMSE,0.46221236376786157
R_squared,0.5480901354012054
