Variable,VIF
accommodates,1.9946219876980051
bedrooms,2.061839783205321
bathrooms,1.4813913564331216
room_type,1.4809518094699496
property_type,1.235268470563708
